Date/Time,Source IP,Source Country,Destination IP,Destination Country
Feb 24 10:27:46,10.0.0.0,,224.0.0.1,
Feb 24 10:28:19,10.0.0.0,,224.0.0.1,
Feb 24 10:39:38,10.0.0.0,,224.0.0.1,
Feb 24 10:39:45,10.0.0.0,,224.0.0.1,
Feb 25 10:38:19,220.181.108.121,China,193.137.135.82,Portugal
Feb 25 10:38:19,220.181.108.121,China,193.137.135.82,Portugal
Feb 25 10:38:19,220.181.108.121,China,193.137.135.82,Portugal
Feb 25 10:38:19,220.181.108.121,China,193.137.135.82,Portugal
Feb 25 10:38:19,220.181.108.121,China,193.137.135.82,Portugal
Feb 25 10:38:19,220.181.108.121,China,193.137.135.82,Portugal
Feb 25 10:38:19,220.181.108.121,China,193.137.135.82,Portugal
Feb 25 10:38:19,220.181.108.121,China,193.137.135.82,Portugal
Feb 25 10:38:19,220.181.108.121,China,193.137.135.82,Portugal
Feb 25 10:38:19,220.181.108.121,China,193.137.135.82,Portugal
Feb 25 10:38:45,220.181.108.118,China,193.137.135.82,Portugal
Feb 25 10:55:03,220.181.108.106,China,193.137.135.82,Portugal
Feb 25 10:55:03,220.181.108.106,China,193.137.135.82,Portugal
Feb 25 10:55:03,220.181.108.106,China,193.137.135.82,Portugal
Feb 25 10:55:03,220.181.108.106,China,193.137.135.82,Portugal
Feb 25 10:55:03,220.181.108.106,China,193.137.135.82,Portugal
Feb 25 10:55:03,220.181.108.106,China,193.137.135.82,Portugal
Feb 25 10:55:03,220.181.108.106,China,193.137.135.82,Portugal
Feb 25 10:55:03,220.181.108.106,China,193.137.135.82,Portugal
Feb 25 10:55:03,220.181.108.106,China,193.137.135.82,Portugal
Feb 25 10:55:03,220.181.108.106,China,193.137.135.82,Portugal
Feb 26 15:27:44,82.155.160.71,Portugal,193.137.135.82,Portugal
Feb 26 15:27:44,82.155.160.71,Portugal,193.137.135.82,Portugal
Feb 26 15:27:44,82.155.160.71,Portugal,193.137.135.82,Portugal
Feb 26 15:27:44,82.155.160.71,Portugal,193.137.135.82,Portugal
Feb 26 15:27:44,82.155.160.71,Portugal,193.137.135.82,Portugal
Feb 26 15:27:44,82.155.160.71,Portugal,193.137.135.82,Portugal
Feb 26 15:27:44,82.155.160.71,Portugal,193.137.135.82,Portugal
Feb 26 15:27:44,82.155.160.71,Portugal,193.137.135.82,Portugal
Feb 26 15:27:44,82.155.160.71,Portugal,193.137.135.82,Portugal
